[ "ReflectivePipelineSettings", {
  "pipelineIndex" : 1,
  "pipelineType" : "Reflective",
  "inputImageRotationMode" : "DEG_0",
  "pipelineNickname" : "Reflective tape",
  "cameraAutoExposure" : false,
  "cameraExposure" : 5.1,
  "cameraBrightness" : 26,
  "cameraGain" : -1,
  "cameraRedGain" : -1,
  "cameraBlueGain" : -1,
  "cameraVideoModeIndex" : 0,
  "streamingFrameDivisor" : "NONE",
  "ledMode" : true,
  "inputShouldShow" : true,
  "outputShouldShow" : true,
  "hsvHue" : {
    "first" : 38,
    "second" : 92
  },
  "hsvSaturation" : {
    "first" : 17,
    "second" : 255
  },
  "hsvValue" : {
    "first" : 81,
    "second" : 255
  },
  "hueInverted" : false,
  "outputShouldDraw" : true,
  "outputShowMultipleTargets" : true,
  "contourArea" : {
    "first" : 0.0,
    "second" : 100.0
  },
  "contourRatio" : {
    "first" : 0.0,
    "second" : 20.0
  },
  "contourFullness" : {
    "first" : 0.0,
    "second" : 100.0
  },
  "contourSpecklePercentage" : 5,
  "contourSortMode" : "Largest",
  "contourTargetOffsetPointEdge" : "Center",
  "contourTargetOrientation" : "Landscape",
  "offsetRobotOffsetMode" : "None",
  "offsetSinglePoint" : {
    "x" : 0.0,
    "y" : 0.0
  },
  "offsetDualPointA" : {
    "x" : 0.0,
    "y" : 0.0
  },
  "offsetDualPointAArea" : 0.0,
  "offsetDualPointB" : {
    "x" : 0.0,
    "y" : 0.0
  },
  "offsetDualPointBArea" : 0.0,
  "contourGroupingMode" : "Single",
  "contourIntersection" : "Up",
  "solvePNPEnabled" : false,
  "targetModel" : "k2020HighGoalOuter",
  "cornerDetectionStrategy" : "APPROX_POLY_DP_AND_EXTREME_CORNERS",
  "cornerDetectionUseConvexHulls" : true,
  "cornerDetectionExactSideCount" : false,
  "cornerDetectionSideCount" : 4,
  "cornerDetectionAccuracyPercentage" : 10.0,
  "contourFilterRangeX" : 2.0,
  "contourFilterRangeY" : 2.0
} ]